Model,MAE,RMSE,R2
Random Forest,11293.766553483205,16114.363903007212,0.6906607290605785
Linear Regression,16307.24752729331,20212.747543943042,0.513302150491598
