,num_technology_skills,num_technology_categories,num_hot_technology,num_in_demand_technology,has_python,has_sql,has_excel,has_tableau,has_r
count,809.0,809.0,809.0,809.0,809.0,809.0,809.0,809.0,809.0
mean,35.94808405438813,13.38195302843016,13.823238566131026,2.9975278121137205,0.11866501854140915,0.1668726823238566,0.8702101359703337,0.07416563658838071,0.10259579728059333
std,55.345872639525254,11.444927132666612,28.838911658336254,7.443017448065549,0.32359398496262415,0.3730928199985952,0.33627999935536146,0.2622023579050384,0.3036179302290507
min,0.0,0.0,0.0,0.0,0.0,0.0,0.0,0.0,0.0
25%,9.0,6.0,4.0,0.0,0.0,0.0,1.0,0.0,0.0
50%,18.0,11.0,7.0,0.0,0.0,0.0,1.0,0.0,0.0
75%,37.0,16.0,13.0,4.0,0.0,0.0,1.0,0.0,0.0
max,597.0,82.0,553.0,146.0,1.0,1.0,1.0,1.0,1.0
