Model,MAE,RMSE,R2,CV Mean R2,CV Std R2
Gradient Boosting,10493.71228415325,14475.886642746413,0.7503686812339052,0.5855298458950392,0.10475150915820312
Random Forest,11293.766553483205,16114.363903007212,0.6906607290605785,0.5580295097274153,0.12063720976271618
Linear Regression,16307.24752729331,20212.747543943042,0.513302150491598,0.42214839785238156,0.09701538124803433
