metric,value
train_r2,0.8987259873942185
test_r2,0.7503686812339052
gap,0.14835730616031328
